Workbook

Sheet 3RD Debarred E
A1: SAGAR INSTITUTE OF RESEARCH & TECHNOLOGY
A2: DEPARTMENT OF CSIT
A3: I MID SEM EXAMINATION (JAN-JUN 2026)
A4: CSIT 6th Sem E Debarred list
A5: S.NO | B5: Board EnrollNo | C5: Student Name | E5: Total Per | F5: 46118 | G5: 46118 | H5: 46119 | I5: 46119 | K5: 46120
F6: CSIT-601 SE | G6: CSIT-602 ML | H6: CSIT-603(B) CGM | I6: CSIT-604(B) CRYPTOGRAPHY | K6: T & P exam
A7: 1 | B7: 0133CI231247 | C7: SARGAM KURMI | D7: 1
A8: 2 | B8: 0133CI231249 | C8: SATYAM SAHU | D8: 2
A9: 3 | B9: 0133CI231252 | C9: SAURABH KUMAR OJHA | D9: 3 | E9: 45.679012
A10: 4 | B10: 0133CI231255 | C10: SHALU KUMAR | D10: 4 | E10: 51.234568
A11: 5 | B11: 0133CI231259 | C11: SHIFA KHAN | D11: 5 | E11: 40.123457
A12: 6 | B12: 0133CI231261 | C12: SHIVAM JAISWAL | D12: 6 | E12: 40.123457
A13: 7 | B13: 0133CI231262 | C13: SHIVAM KUMAR | D13: 7 | E13: 21.604938
A14: 8 | B14: 0133CI231263 | C14: SHIVAM RAJ | D14: 8 | E14: 54.938272
A15: 9 | B15: 0133CI231264 | C15: SHIVAM SHARMA | D15: 9 | E15: 1.8987342
A16: 10 | B16: 0133CI231267 | C16: SHIVSENA KUMAR | D16: 10 | E16: 13.924051
A17: 11 | B17: 0133CI231273 | C17: SOHAIL AKHTAR | D17: 11 | E17: 8.6419753
A18: 12 | B18: 0133CI231274 | C18: SOHIT RAHANGDALE | D18: 12 | E18: 39.873418
A19: 13 | B19: 0133CI231276 | C19: SONU KUMAR | D19: 13 | E19: 30.4
A20: 14 | B20: 0133CI231282 | C20: SUYASH SHRIVASTAVA | D20: 14 | E20: 9.4936709
... A31: 25 | B31: 0133CI231305 | C31: YUVRAJ KUMAR | D31: 25 | E31: 40.506329

Sheet 3RD Debarred D
A1: SAGAR INSTITUTE OF RESEARCH & TECHNOLOGY
A2: DEPARTMENT OF CSIT
A3: I MID SEM EXAMINATION (JAN-JUN 2026)
A4: CSIT 6th D Sem Debarred list
A5: S.NO | B5: Board EnrollNo | C5: Student Name | D5: Total Per | E5: 46118 | F5: 46118 | G5: 46119 | H5: 46119 | J5: 46120
E6: CSIT-601 SE | F6: CSIT-602 ML | G6: CSIT-603(B) CGM | H6: CSIT-604(B) CRYPTOGRAPHY | J6: T & P exam
A7: 1 | B7: 0133CI231187 | C7: PRAGYA SINGH | D7: 45.528455
A8: 2 | B8: 0133CI231188 | C8: PRAGYAN DIXIT | D8: 47.96748
A9: 3 | B9: 0133CI231189 | C9: PRAN KRISHNA MAITY | D9: 56.910569
A10: 4 | B10: 0133CI231191 | C10: PRASHANT KUMAR TIWARI | D10: 57.723577
A11: 5 | B11: 0133CI231192 | C11: PRASHANT PATEL | D11: 37.704918
A12: 6 | B12: 0133CI231193 | C12: PRAVEEN GUPTA | D12: 24
A13: 7 | B13: 0133CI231195 | C13: PREETI LOKHANDE | D13: 51.219512
A14: 8 | B14: 0133CI231196 | C14: PREM BHUSHAN RAY | D14: 50.406504
A15: 9 | B15: 0133CI231199 | C15: PRIYA PRAJAPATI | D15: 52.03252
A16: 10 | B16: 0133CI231200 | C16: PRIYANKA RATHORE | D16: 22.764228
A17: 11 | B17: 0133CI231201 | C17: PRIYANSHU KUMAR | D17: 39.837398
A18: 12 | B18: 0133CI231202 | C18: PRIYANSHU KUMAR | D18: 26.829268
... A39: 33 | B39: 0133CI231243 | C39: SANJEET KUMAR | D39: 41.463415

Sheet 3RD Debarred C
A1: SAGAR INSTITUTE OF RESEARCH & TECHNOLOGY
A2: DEPARTMENT OF CSIT
A3: I MID SEM EXAMINATION (JAN-JUN 2026)
A4: CSIT 6th C Sem Debarred list
A5: S.NO | B5: Board EnrollNo | C5: Student Name | D5: Total Per | E5: 46118 | F5: 46118 | G5: 46119 | H5: 46119 | J5: 46120
E6: CSIT-601 SE | F6: CSIT-602 ML | G6: CSIT-603(B) CGM | H6: CSIT-604(B) CRYPTOGRAPHY | J6: T & P exam
A7: 1 | B7: 0133CI231124 | C7: KRISHNA KUMAR SINGH | D7: 38.961039
A8: 2 | B8: 0133CI231130 | C8: LALIT THAKRE | D8: 19.047619
A9: 3 | B9: 0133CI231132 | C9: LOKESH YADUWANSHI | D9: 38.311688
A10: 4 | B10: 0133CI231135 | C10: MAHENDRA SINGH MAIDA | D10: 56.081081
A11: 5 | B11: 0133CI231136 | C11: MANIKANT SHARMA | D11: 12.987013
A12: 6 | B12: 0133CI231137 | C12: MANORANJAN KUMAR | D12: 55.395683
A13: 7 | B13: 0133CI231138 | C13: MAYANK SHARMA | D13: 42.207792
A14: 8 | B14: 0133CI231139 | C14: MAYUR KHAKRE | D14: 25.974026
A15: 9 | B15: 0133CI231140 | C15: MD ARSAD ALAM | D15: 33.116883
A16: 10 | B16: 0133CI231141 | C16: MD DANISH ALAM | D16: 0.64935065
A17: 11 | B17: 0133CI231142 | C17: MD FAIZAN AHMAD | D17: 23.376623
A18: 12 | B18: 0133CI231144 | C18: MD KAIF | D18: 15.584416
... A38: 32 | B38: 0133CI231181 | C38: PIYUSH NIRVIKAR | D38: 57.894737
A39: 33 | B39: 0133CI243D08 | C39: OM VISHWAKARMA
A40: 34 | B40: 0133CI243D09 | C40: PANKAJ RAJBHAR
A41: 35 | B41: 0133CI243D12 | C41: SIFTAIN KHAN
A42: 36 | B42: 0133CI243D13 | C42: SURAJ KUMAR

Sheet 3RD Debarred B
A1: SAGAR INSTITUTE OF RESEARCH & TECHNOLOGY
A2: DEPARTMENT OF CSIT
A3: I MID SEM EXAMINATION (JAN-JUN 2026)
A4: CSIT 6th B Sem Debarred list
A5: S.NO | B5: Board EnrollNo | C5: Student Name | D5: Total Per | E5: 46118 | F5: 46118 | G5: 46119 | H5: 46119 | J5: 46120
E6: CSIT-601 SE | F6: CSIT-602 ML | G6: CSIT-603(B) CGM | H6: CSIT-604(B) CRYPTOGRAPHY | J6: T & P exam
A7: 1 | B7: 0133CI231064 | C7: ATUL MATRE | D7: 52.469136
A8: 2 | B8: 0133CI231070 | C8: AYUSH RAJ | D8: 54.938272
A9: 3 | B9: 0133CI231077 | C9: BIMLESH KUMAR PANDEY | D9: 56.790123
A10: 4 | B10: 0133CI231087 | C10: DEVANSH TIWARI | D10: 52.469136
A11: 5 | B11: 0133CI231093 | C11: GOSHIYA FATIMA | D11: 32.45614
A12: 6 | B12: 0133CI231094 | C12: GOURAV | D12: 43.209877
A13: 7 | B13: 0133CI231098 | C13: GULSHAN KUMAR | D13: 56.17284
A14: 8 | B14: 0133CI231099 | C14: GYAYAK JAIN | D14: 54.320988
A15: 9 | B15: 0133CI231108 | C15: ISHAN TIWARI | D15: 0
A16: 10 | B16: 0133CI231111 | C16: JITENDRA VISHWAKARMA | D16: 51.851852
A17: 11 | B17: 0133CI231115 | C17: KASHISH SISODIYA | D17: 25.477707
A18: 12 | B18: 0133CI231120 | C18: KESHAV YADUWANSHI | D18: 57.407407
A19: 13 | B19: 0133CI243D04 | C19: LAVANIA KETAN RAJEEV
A20: 14 | B20: 0133CI243D05 | C20: MANISHA PARTE
A21: 15 | B21: 0133CI243D06 | C21: MD TARIK
A22: 16 | B22: 0133CI243D07 | C22: MOHIT BELKHADE

Sheet 3RD Debarred A
A1: SAGAR INSTITUTE OF RESEARCH & TECHNOLOGY
A2: DEPARTMENT OF CSIT
A3: I MID SEM EXAMINATION (JAN-JUN 2026)
A4: CSIT 6th A Sem Debarred list
A5: S.NO | B5: Board EnrollNo | C5: Student Name | D5: Total Per | E5: 46118 | F5: 46118 | G5: 46119 | H5: 46119 | J5: 46120 | K5: % Percentage | L5: Pass/Fail
E6: CSIT-601 SE | F6: CSIT-602 ML | G6: CSIT-603(B) CGM | H6: CSIT-604(B) CRYPTOGRAPHY | J6: T & P exam
A7: 1 | B7: 0133CI231004 | C7: AASIM ARFAT | D7: 6.25
A8: 2 | B8: 0133CI231005 | C8: ABHAY KESHARWANI | D8: 36.129032
A9: 3 | B9: 0133CI231006 | C9: ABHAY KURMI | D9: 35.416667
A10: 4 | B10: 0133CI231007 | C10: ABHIJEET GAUTAM | D10: 55.483871
A11: 5 | B11: 0133CI231009 | C11: ABHISHEK KUMAR RANA | D11: 56.129032
A12: 6 | B12: 0133CI231010 | C12: ABHISHEK VISHWAKARMA | D12: 24.516129
A13: 7 | B13: 0133CI231011 | C13: ADARSH KUMAR | D13: 42.207792
A14: 8 | B14: 0133CI231012 | C14: ADITYA DANGI | D14: 43.055556
A15: 9 | B15: 0133CI231015 | C15: ADITYA MAHAJAN | D15: 47.741935
A16: 10 | B16: 0133CI231016 | C16: ADITYA RAJ | D16: 19.444444
A17: 11 | B17: 0133CI231017 | C17: ADITYA SHARAN MISHRA | D17: 37.931034
A18: 12 | B18: 0133CI231018 | C18: AISHIKA ANAND | D18: 59.027778
... A39: 33 | B39: 0133CI231058 | C39: ASHISH MODI | D39: 20.930233

Sheet 6th A
A1: SAGAR INSTITUTE OF RESEARCH & TECHNOLOGY
A2: DEPARTMENT OF CSIT
A3: I MID SEM EXAMINATION (JAN-JUN 2026)
A4: CSIT 6th Sem - CSIT-A
A5: S.NO | B5: Board EnrollNo | C5: Student Name | D5: Total Per | E5: 46118 | F5: 46118 | G5: 46119 | H5: 46119 | I5: 46120 | J5: 46120 | K5: Total | L5: % Percentage | M5: Pass/Fail
E6: CSIT-601 SE | F6: CSIT-602 ML | G6: CSIT-603(B) CGM | H6: CSIT-604(B) CRYPTOGRAPHY | I6: CSIT-608 (MAJOR PROJECT) | J6: T & P exam
A7: 1 | B7: 0133CI231002 | C7: AARBI DHAKAD | D7: 65.16129 | E7: 16 | F7: 11 | G7: 16 | H7: 19 | K7: =SUM(E7:H7) -> 62 | L7: =K7/80*100 -> 77.5 | M7: =IF(COUNTIF(E7:H7,"A")>0,"A",IF(MIN(E7:H7)>=7,"PASS","FAIL")) -> PASS
A8: 2 | B8: 0133CI231008 | C8: ABHISHEK KUMAR | D8: 61.935484 | E8: 11 | F8: 11 | G8: 14 | H8: 18 | K8: =SUM(E8:H8) -> 54 | L8: =K8/80*100 -> 67.5 | M8: =IF(COUNTIF(E8:H8,"A")>0,"A",IF(MIN(E8:H8)>=7,"PASS","FAIL")) -> PASS
A9: 3 | B9: 0133CI231014 | C9: ADITYA KUMAR SHAH | D9: 64.035088 | E9: 17 | F9: 14 | G9: 14 | H9: 14 | K9: =SUM(E9:H9) -> 59 | L9: =K9/80*100 -> 73.75 | M9: =IF(COUNTIF(E9:H9,"A")>0,"A",IF(MIN(E9:H9)>=7,"PASS","FAIL")) -> PASS
A10: 4 | B10: 0133CI231024 | C10: AMANJEET SINGH | D10: 69.298246 | E10: 18 | F10: 14 | G10: 8 | H10: 19 | K10: =SUM(E10:H10) -> 59 | L10: =K10/80*100 -> 73.75 | M10: =IF(COUNTIF(E10:H10,"A")>0,"A",IF(MIN(E10:H10)>=7,"PASS","FAIL")) -> PASS
A11: 5 | B11: 0133CI231035 | C11: ANJALI SHRIVASTAVA | D11: 90.178571 | E11: 16 | F11: 12 | G11: 16 | H11: 17 | K11: =SUM(E11:H11) -> 61 | L11: =K11/80*100 -> 76.25 | M11: =IF(COUNTIF(E11:H11,"A")>0,"A",IF(MIN(E11:H11)>=7,"PASS","FAIL")) -> PASS
A12: 6 | B12: 0133CI231036 | C12: ANJALI VISHWAKARMA | D12: 66.233766 | E12: 15 | F12: 14 | G12: 10 | H12: 16 | K12: =SUM(E12:H12) -> 55 | L12: =K12/80*100 -> 68.75 | M12: =IF(COUNTIF(E12:H12,"A")>0,"A",IF(MIN(E12:H12)>=7,"PASS","FAIL")) -> PASS
A13: 7 | B13: 0133CI231040 | C13: ANKIT KUMAR | D13: 62.987013 | E13: 16 | F13: 15 | G13: 11 | H13: 14 | K13: =SUM(E13:H13) -> 56 | L13: =K13/80*100 -> 70 | M13: =IF(COUNTIF(E13:H13,"A")>0,"A",IF(MIN(E13:H13)>=7,"PASS","FAIL")) -> PASS
A14: 8 | B14: 0133CI231048 | C14: ANU SAHU | D14: 61.688312 | E14: 19 | F14: 15 | G14: 12 | H14: 17 | K14: =SUM(E14:H14) -> 63 | L14: =K14/80*100 -> 78.75 | M14: =IF(COUNTIF(E14:H14,"A")>0,"A",IF(MIN(E14:H14)>=7,"PASS","FAIL")) -> PASS
A15: 9 | B15: 0133CI231050 | C15: ANUJ KUMAR | D15: 63.636364 | E15: 12 | F15: 16 | G15: 10 | H15: 18 | K15: =SUM(E15:H15) -> 56 | L15: =K15/80*100 -> 70 | M15: =IF(COUNTIF(E15:H15,"A")>0,"A",IF(MIN(E15:H15)>=7,"PASS","FAIL")) -> PASS
A16: 10 | B16: 0133CI231055 | C16: ARUN BARETHA | D16: 65.116279 | E16: 19 | F16: 19 | G16: 13 | H16: 18 | K16: =SUM(E16:H16) -> 69 | L16: =K16/80*100 -> 86.25 | M16: =IF(COUNTIF(E16:H16,"A")>0,"A",IF(MIN(E16:H16)>=7,"PASS","FAIL")) -> PASS
A17: 11 | B17: 0133CI231059 | C17: ASHU GUPTA | D17: 78.294574 | E17: 18 | F17: 10 | G17: 8 | H17: 17 | K17: =SUM(E17:H17) -> 53 | L17: =K17/80*100 -> 66.25 | M17: =IF(COUNTIF(E17:H17,"A")>0,"A",IF(MIN(E17:H17)>=7,"PASS","FAIL")) -> PASS
A18: 12 | B18: 0133CI243D15 | C18: UMA PAWAR | D18: 59.731544 | E18: 13 | F18: 11 | G18: 9 | H18: 15 | K18: =SUM(E18:H18) -> 48 | L18: =K18/80*100 -> 60 | M18: =IF(COUNTIF(E18:H18,"A")>0,"A",IF(MIN(E18:H18)>=7,"PASS","FAIL")) -> PASS
A19: 13 | B19: 0133CI221049 | C19: Aryan Nayak | F19: 4 | G19: 6 | H19: 10
J20: Over all Result
C21: Total Students | E21: =COUNTA(E7:E18) -> 12 | F21: =COUNTA(F7:F18) -> 12 | G21: =COUNTA(G7:G18) -> 12 | H21: =COUNTA(H7:H18) -> 12 | J21: =COUNTA(K7:K18) -> 12
C22: Total absent | E22: =COUNTIF(E7:E18,"A") -> 0 | F22: =COUNTIF(F7:F18,"A") -> 0 | G22: =COUNTIF(G7:G18,"A") -> 0 | H22: =COUNTIF(H7:H18,"A") -> 0 | J22: =COUNTIF(M7:M18,"A") -> 0
C23: Total Present in Exam | E23: =E21-E22 -> 12 | F23: =F21-F22 -> 12 | G23: =G21-G22 -> 12 | H23: =H21-H22 -> 12 | J23: =J21-J22 -> 12
C24: Total Student Passed | E24: =COUNTIF(E7:E18, ">=7") -> 12 | F24: =COUNTIF(F7:F18, ">=7") -> 12 | G24: =COUNTIF(G7:G18, ">=7") -> 12 | H24: =COUNTIF(H7:H18, ">=7") -> 12 | J24: =COUNTIF(M7:M18, "PASS") -> 12
C25: Percentage | E25: =E24/E23 -> 1 | F25: =F24/F23 -> 1 | G25: =G24/G23 -> 1 | H25: =H24/H23 -> 1 | J25: =J24/J23 -> 1

Sheet 6th B
A1: SAGAR INSTITUTE OF RESEARCH & TECHNOLOGY
A2: DEPARTMENT OF CSIT
A3: I MID SEM EXAMINATION (JAN-JUN 2026)
A4: CSIT 6th Sem - CSIT-B
A5: S.NO | B5: Board EnrollNo | C5: Student Name | D5: Total Per | E5: 46118 | F5: 46118 | G5: 46119 | H5: 46119 | I5: 46120 | J5: 46120 | K5: Total | L5: % Percentage | M5: Pass/Fail
E6: CSIT-601 SE | F6: CSIT-602 ML | G6: CSIT-603(B) CGM | H6: CSIT-604(B) CRYPTOGRAPHY | I6: CSIT-608 (MAJOR PROJECT) | J6: T & P exam
A7: 1 | B7: 0133CI231062 | C7: ASHWANI SINGH | D7: 62.962963 | E7: 11 | F7: 8 | G7: 18 | H7: 15 | K7: =SUM(E7:H7) -> 52 | L7: =K7/80*100 -> 65 | M7: =IF(COUNTIF(E7:H7,"A")>0,"A",IF(MIN(E7:H7)>=7,"PASS","FAIL")) -> PASS
A8: 2 | B8: 0133CI231063 | C8: ASTHA DUBEY | D8: 79.62963 | E8: 20 | F8: 20 | G8: 20 | H8: 18 | K8: =SUM(E8:H8) -> 78 | L8: =K8/80*100 -> 97.5 | M8: =IF(COUNTIF(E8:H8,"A")>0,"A",IF(MIN(E8:H8)>=7,"PASS","FAIL")) -> PASS
A9: 3 | B9: 0133CI231068 | C9: AYUSH KUMAR RAY | D9: 64.197531 | E9: 10 | F9: 12 | G9: 19 | H9: 15 | K9: =SUM(E9:H9) -> 56 | L9: =K9/80*100 -> 70 | M9: =IF(COUNTIF(E9:H9,"A")>0,"A",IF(MIN(E9:H9)>=7,"PASS","FAIL")) -> PASS
A10: 4 | B10: 0133CI231069 | C10: AYUSH KUMAR SINGH | D10: 66.049383 | E10: 14 | F10: 19 | G10: A | H10: A | K10: =SUM(E10:H10) -> 33 | L10: =K10/80*100 -> 41.25 | M10: =IF(COUNTIF(E10:H10,"A")>0,"A",IF(MIN(E10:H10)>=7,"PASS","FAIL")) -> A
A11: 5 | B11: 0133CI231073 | C11: AYUSHA PATEL | D11: 59.876543 | E11: 14 | F11: 13 | G11: 2 | H11: 16 | K11: =SUM(E11:H11) -> 45 | L11: =K11/80*100 -> 56.25 | M11: =IF(COUNTIF(E11:H11,"A")>0,"A",IF(MIN(E11:H11)>=7,"PASS","FAIL")) -> FAIL
A12: 6 | B12: 0133CI231074 | C12: AYUSHI JAIN | D12: 68.518519 | E12: 19 | F12: 20 | G12: 20 | H12: 17 | K12: =SUM(E12:H12) -> 76 | L12: =K12/80*100 -> 95 | M12: =IF(COUNTIF(E12:H12,"A")>0,"A",IF(MIN(E12:H12)>=7,"PASS","FAIL")) -> PASS
A13: 7 | B13: 0133CI231075 | C13: BASUDEV KUMAR | D13: 61.728395 | E13: 16 | F13: 20 | G13: 18 | H13: 14 | K13: =SUM(E13:H13) -> 68 | L13: =K13/80*100 -> 85 | M13: =IF(COUNTIF(E13:H13,"A")>0,"A",IF(MIN(E13:H13)>=7,"PASS","FAIL")) -> PASS
A14: 8 | B14: 0133CI231076 | C14: BHUMIKA MALVIYA | D14: 64.814815 | E14: 15 | F14: 20 | G14: 19 | H14: 16 | K14: =SUM(E14:H14) -> 70 | L14: =K14/80*100 -> 87.5 | M14: =IF(COUNTIF(E14:H14,"A")>0,"A",IF(MIN(E14:H14)>=7,"PASS","FAIL")) -> PASS
A15: 9 | B15: 0133CI231078 | C15: BISHWJEET KUMAR PATEL | D15: 62.345679 | E15: 11 | F15: 20 | G15: 17 | H15: 13 | K15: =SUM(E15:H15) -> 61 | L15: =K15/80*100 -> 76.25 | M15: =IF(COUNTIF(E15:H15,"A")>0,"A",IF(MIN(E15:H15)>=7,"PASS","FAIL")) -> PASS
A16: 10 | B16: 0133CI231080 | C16: CHHAVITA PATLE | D16: 69.753086 | E16: 15 | F16: 14 | G16: 18 | H16: 15 | K16: =SUM(E16:H16) -> 62 | L16: =K16/80*100 -> 77.5 | M16: =IF(COUNTIF(E16:H16,"A")>0,"A",IF(MIN(E16:H16)>=7,"PASS","FAIL")) -> PASS
A17: 11 | B17: 0133CI231081 | C17: DALI | D17: 66.049383 | E17: 19 | F17: 20 | G17: 16 | H17: 14 | K17: =SUM(E17:H17) -> 69 | L17: =K17/80*100 -> 86.25 | M17: =IF(COUNTIF(E17:H17,"A")>0,"A",IF(MIN(E17:H17)>=7,"PASS","FAIL")) -> PASS
A18: 12 | B18: 0133CI231082 | C18: DEEPAK KUMAR YADAV | D18: 63.636364 | E18: 13 | F18: 19 | G18: 14 | H18: 17 | K18: =SUM(E18:H18) -> 63 | L18: =K18/80*100 -> 78.75 | M18: =IF(COUNTIF(E18:H18,"A")>0,"A",IF(MIN(E18:H18)>=7,"PASS","FAIL")) -> PASS
A19: 13 | B19: 0133CI231084 | C19: DEEPAK UPADHYA | D19: 61.728395 | E19: 14 | F19: 19 | G19: 12 | H19: 15 | K19: =SUM(E19:H19) -> 60 | L19: =K19/80*100 -> 75 | M19: =IF(COUNTIF(E19:H19,"A")>0,"A",IF(MIN(E19:H19)>=7,"PASS","FAIL")) -> PASS
A20: 14 | B20: 0133CI231085 | C20: DEEPAK WAKEKAR | D20: 69.135802 | E20: 19 | F20: 20 | G20: 14 | H20: 17 | K20: =SUM(E20:H20) -> 70 | L20: =K20/80*100 -> 87.5 | M20: =IF(COUNTIF(E20:H20,"A")>0,"A",IF(MIN(E20:H20)>=7,"PASS","FAIL")) -> PASS
A21: 15 | B21: 0133CI231086 | C21: DEEPIKA LODHI | D21: 67.283951 | E21: 19 | F21: 20 | G21: 19 | H21: 16 | K21: =SUM(E21:H21) -> 74 | L21: =K21/80*100 -> 92.5 | M21: =IF(COUNTIF(E21:H21,"A")>0,"A",IF(MIN(E21:H21)>=7,"PASS","FAIL")) -> PASS
A22: 16 | B22: 0133CI231088 | C22: DHIRAJ KUMAR | D22: 60.493827 | E22: 13 | F22: 16 | G22: 9 | H22: 13 | K22: =SUM(E22:H22) -> 51 | L22: =K22/80*100 -> 63.75 | M22: =IF(COUNTIF(E22:H22,"A")>0,"A",IF(MIN(E22:H22)>=7,"PASS","FAIL")) -> PASS
... A41: 35 | B41: 0133CI243D03 | C41: KARAN | D41: 59.876543 | E41: 17 | F41: 16 | G41: 20 | H41: 18 | K41: =SUM(E41:H41) -> 71 | L41: =K41/80*100 -> 88.75 | M41: =IF(COUNTIF(E41:H41,"A")>0,"A",IF(MIN(E41:H41)>=7,"PASS","FAIL")) -> PASS
J43: Over all Result
C44: Total Students | E44: =COUNTA(E7:E41) -> 35 | F44: =COUNTA(F7:F41) -> 35 | G44: =COUNTA(G7:G41) -> 35 | H44: =COUNTA(H7:H41) -> 35 | I44: =COUNTA(I7:I41) -> 0 | J44: =COUNTA(K7:K41) -> 35
C45: Total absent | E45: =COUNTIF(E7:E41,"A") -> 0 | F45: =COUNTIF(F7:F41,"A") -> 0 | G45: =COUNTIF(G7:G41,"A") -> 1 | H45: =COUNTIF(H7:H41,"A") -> 1 | I45: =COUNTIF(I7:I41,"A") -> 0 | J45: =COUNTIF(M7:M41,"A") -> 1
C46: Total Present in Exam | E46: =E44-E45 -> 35 | F46: =F44-F45 -> 35 | G46: =G44-G45 -> 34 | H46: =H44-H45 -> 34 | I46: =I44-I45 -> 0 | J46: =J44-J45 -> 34
C47: Total Student Passed | E47: =COUNTIF(E7:E41, ">=7") -> 35 | F47: =COUNTIF(F7:F41, ">=7") -> 35 | G47: =COUNTIF(G7:G41, ">=7") -> 32 | H47: =COUNTIF(H7:H41, ">=7") -> 34 | I47: =COUNTIF(I7:I41, ">=22") -> 0 | J47: =COUNTIF(M7:M41, "PASS") -> 32
C48: Percentage | E48: =E47/E46 -> 1 | F48: =F47/F46 -> 1 | G48: =G47/G46 -> 0.94117647 | H48: =H47/H46 -> 1 | I48: =I47/I46 -> #DIV/0! | J48: =J47/J46 -> 0.94117647

Sheet 6th C
A1: SAGAR INSTITUTE OF RESEARCH & TECHNOLOGY
A2: DEPARTMENT OF CSIT
A3: I MID SEM EXAMINATION (JAN-JUN 2026)
A4: CSIT 6th Sem - CSIT-C
A5: S.NO | B5: Board EnrollNo | C5: Student Name | D5: Total Per | E5: 46118 | F5: 46118 | G5: 46119 | H5: 46119 | I5: 46120 | J5: 46120 | K5: Total | L5: % Percentage | M5: Pass/Fail
E6: CSIT-601 SE | F6: CSIT-602 ML | G6: CSIT-603(B) CGM | H6: CSIT-604(B) CRYPTOGRAPHY | I6: CSIT-608 (MAJOR PROJECT) | J6: T & P exam
A7: 1 | B7: 0133CI231122 | C7: KIRTI SUNHARE | D7: 65.131579 | E7: 16 | F7: 20 | G7: 9 | H7: 15 | K7: =SUM(E7:H7) -> 60 | L7: =K7/80*100 -> 75 | M7: =IF(COUNTIF(E7:H7,"A")>0,"A",IF(MIN(E7:H7)>=7,"PASS","FAIL")) -> PASS
A8: 2 | B8: 0133CI231128 | C8: LAKSHYA AGRAWAL | D8: 64.935065 | E8: 19 | F8: 20 | G8: 19 | H8: 16 | K8: =SUM(E8:H8) -> 74 | L8: =K8/80*100 -> 92.5 | M8: =IF(COUNTIF(E8:H8,"A")>0,"A",IF(MIN(E8:H8)>=7,"PASS","FAIL")) -> PASS
A9: 3 | B9: 0133CI231131 | C9: LALITA GOUR | D9: 62.59542 | E9: 10 | F9: 9 | G9: 9 | H9: 12 | K9: =SUM(E9:H9) -> 40 | L9: =K9/80*100 -> 50 | M9: =IF(COUNTIF(E9:H9,"A")>0,"A",IF(MIN(E9:H9)>=7,"PASS","FAIL")) -> PASS
A10: 4 | B10: 0133CI231133 | C10: MADHU NAGESH | D10: 65.584416 | E10: 14 | F10: 18 | G10: 12 | H10: 15 | K10: =SUM(E10:H10) -> 59 | L10: =K10/80*100 -> 73.75 | M10: =IF(COUNTIF(E10:H10,"A")>0,"A",IF(MIN(E10:H10)>=7,"PASS","FAIL")) -> PASS
A11: 5 | B11: 0133CI231134 | C11: MADHUKAR KUMAR | D11: 60.38961 | E11: 17 | F11: 20 | G11: 20 | H11: 18 | K11: =SUM(E11:H11) -> 75 | L11: =K11/80*100 -> 93.75 | M11: =IF(COUNTIF(E11:H11,"A")>0,"A",IF(MIN(E11:H11)>=7,"PASS","FAIL")) -> PASS
A12: 6 | B12: 0133CI231143 | C12: MD GUFRAN ALAM | D12: 60.38961 | E12: 16 | F12: 13 | G12: 13 | H12: 10 | K12: =SUM(E12:H12) -> 52 | L12: =K12/80*100 -> 65 | M12: =IF(COUNTIF(E12:H12,"A")>0,"A",IF(MIN(E12:H12)>=7,"PASS","FAIL")) -> PASS
A13: 7 | B13: 0133CI231147 | C13: MEGHA KUMARI | D13: 60.38961 | E13: 20 | F13: 20 | G13: 16 | H13: 19 | K13: =SUM(E13:H13) -> 75 | L13: =K13/80*100 -> 93.75 | M13: =IF(COUNTIF(E13:H13,"A")>0,"A",IF(MIN(E13:H13)>=7,"PASS","FAIL")) -> PASS
A14: 8 | B14: 0133CI231153 | C14: MUHAMMAD IRFAN | D14: 62.987013 | E14: 12 | F14: 17 | G14: 9 | H14: 20 | K14: =SUM(E14:H14) -> 58 | L14: =K14/80*100 -> 72.5 | M14: =IF(COUNTIF(E14:H14,"A")>0,"A",IF(MIN(E14:H14)>=7,"PASS","FAIL")) -> PASS
A15: 9 | B15: 0133CI231155 | C15: MUSKAN SAHU | D15: 65.584416 | E15: 16 | F15: 20 | G15: 14 | H15: 18 | K15: =SUM(E15:H15) -> 68 | L15: =K15/80*100 -> 85 | M15: =IF(COUNTIF(E15:H15,"A")>0,"A",IF(MIN(E15:H15)>=7,"PASS","FAIL")) -> PASS
A16: 10 | B16: 0133CI231156 | C16: NAINSHEE PARDHI | D16: 61.37931 | E16: 13 | F16: 20 | G16: 12 | H16: 19 | K16: =SUM(E16:H16) -> 64 | L16: =K16/80*100 -> 80 | M16: =IF(COUNTIF(E16:H16,"A")>0,"A",IF(MIN(E16:H16)>=7,"PASS","FAIL")) -> PASS
A17: 11 | B17: 0133CI231158 | C17: NANSI TOMAR | D17: 63.815789 | E17: 15 | F17: 20 | G17: 13 | H17: 19 | K17: =SUM(E17:H17) -> 67 | L17: =K17/80*100 -> 83.75 | M17: =IF(COUNTIF(E17:H17,"A")>0,"A",IF(MIN(E17:H17)>=7,"PASS","FAIL")) -> PASS
A18: 12 | B18: 0133CI231160 | C18: NEHA KUMARI | D18: 67.105263 | E18: 17 | F18: 20 | G18: 16 | H18: 14 | K18: =SUM(E18:H18) -> 67 | L18: =K18/80*100 -> 83.75 | M18: =IF(COUNTIF(E18:H18,"A")>0,"A",IF(MIN(E18:H18)>=7,"PASS","FAIL")) -> PASS
... A29: 23 | B29: 0133CI243D10 | C29: PRASHANT DHOTE | D29: 67.808219 | E29: 20 | F29: 20 | G29: 20 | H29: 18 | K29: =SUM(E29:H29) -> 78 | L29: =K29/80*100 -> 97.5 | M29: =IF(COUNTIF(E29:H29,"A")>0,"A",IF(MIN(E29:H29)>=7,"PASS","FAIL")) -> PASS
J31: Over all Result
C32: Total Students | E32: =COUNTA(E7:E29) -> 23 | F32: =COUNTA(F7:F29) -> 23 | G32: =COUNTA(G7:G29) -> 23 | H32: =COUNTA(H7:H29) -> 23 | I32: =COUNTA(I8:I29) -> 0 | J32: =COUNTA(K7:K29) -> 23
C33: Total absent | E33: =COUNTIF(E7:E29,"A") -> 0 | F33: =COUNTIF(F7:F29,"A") -> 0 | G33: =COUNTIF(G7:G29,"A") -> 0 | H33: =COUNTIF(H7:H29,"A") -> 0 | I33: =COUNTIF(I8:I29,"A") -> 0 | J33: =COUNTIF(M7:M29,"A") -> 0
C34: Total Present in Exam | E34: =E32-E33 -> 23 | F34: =F32-F33 -> 23 | G34: =G32-G33 -> 23 | H34: =H32-H33 -> 23 | I34: =I32-I33 -> 0 | J34: =J32-J33 -> 23
C35: Total Student Passed | E35: =COUNTIF(E7:E29, ">=7") -> 23 | F35: =COUNTIF(F7:F29, ">=7") -> 23 | G35: =COUNTIF(G7:G29, ">=7") -> 23 | H35: =COUNTIF(H7:H29, ">=7") -> 23 | I35: =COUNTIF(I8:I29, ">=22") -> 0 | J35: =COUNTIF(M7:M29, "PASS") -> 23
C36: Percentage | E36: =E35/E34 -> 1 | F36: =F35/F34 -> 1 | G36: =G35/G34 -> 1 | H36: =H35/H34 -> 1 | I36: =I35/I34 -> #DIV/0! | J36: =J35/J34 -> 1

Sheet 6th D
A1: SAGAR INSTITUTE OF RESEARCH & TECHNOLOGY
A2: DEPARTMENT OF CSIT
A3: I MID SEM EXAMINATION (JAN-JUN 2026)
A4: CSIT 6th Sem - CSIT-D
A5: S.NO | B5: Board EnrollNo | C5: Student Name | D5: Total Per | E5: 46118 | F5: 46118 | G5: 46119 | H5: 46119 | I5: 46120 | J5: 46120 | K5: Total | L5: % Percentage | M5: Pass/Fail
E6: CSIT-601 SE | F6: CSIT-602 ML | G6: CSIT-603(B) CGM | H6: CSIT-604(B) CRYPTOGRAPHY | I6: CSIT-608 (MAJOR PROJECT) | J6: T & P exam
A7: 1 | B7: 0133CI231183 | C7: POORVI BAGHEL | D7: 61.788618 | E7: 16 | F7: 16 | G7: 19 | H7: 14 | K7: =SUM(E7:H7) -> 65 | L7: =K7/80*100 -> 81.25 | M7: =IF(COUNTIF(E7:H7,"A")>0,"A",IF(MIN(E7:H7)>=7,"PASS","FAIL")) -> PASS
A8: 2 | B8: 0133CI231186 | C8: PRACHEE KONDEKAR | D8: 63.114754 | E8: 17 | F8: 18 | G8: 19 | H8: 15 | K8: =SUM(E8:H8) -> 69 | L8: =K8/80*100 -> 86.25 | M8: =IF(COUNTIF(E8:H8,"A")>0,"A",IF(MIN(E8:H8)>=7,"PASS","FAIL")) -> PASS
A9: 3 | B9: 0133CI231190 | C9: PRANJAL BHATERE | D9: 63.414634 | E9: 9 | F9: 2 | G9: 7 | H9: 7 | K9: =SUM(E9:H9) -> 25 | L9: =K9/80*100 -> 31.25 | M9: =IF(COUNTIF(E9:H9,"A")>0,"A",IF(MIN(E9:H9)>=7,"PASS","FAIL")) -> FAIL
A10: 4 | B10: 0133CI231197 | C10: PRINCE AHIRWAR | D10: 61.788618 | E10: 10 | F10: 8 | G10: 16 | H10: 10 | K10: =SUM(E10:H10) -> 44 | L10: =K10/80*100 -> 55 | M10: =IF(COUNTIF(E10:H10,"A")>0,"A",IF(MIN(E10:H10)>=7,"PASS","FAIL")) -> PASS
A11: 5 | B11: 0133CI231198 | C11: PRINCY NIKKAM | D11: 61.47541 | E11: 12 | F11: 12 | G11: 20 | H11: 16 | K11: =SUM(E11:H11) -> 60 | L11: =K11/80*100 -> 75 | M11: =IF(COUNTIF(E11:H11,"A")>0,"A",IF(MIN(E11:H11)>=7,"PASS","FAIL")) -> PASS
A12: 6 | B12: 0133CI231205 | C12: PUNIT HARINKHEDE | D12: 64.227642 | E12: 12 | F12: 16 | G12: 16 | H12: 14 | K12: =SUM(E12:H12) -> 58 | L12: =K12/80*100 -> 72.5 | M12: =IF(COUNTIF(E12:H12,"A")>0,"A",IF(MIN(E12:H12)>=7,"PASS","FAIL")) -> PASS
A13: 7 | B13: 0133CI231207 | C13: PUSHKAR KESHARWANI | D13: 77.235772 | E13: 16 | F13: 9 | G13: 18 | H13: 14 | K13: =SUM(E13:H13) -> 57 | L13: =K13/80*100 -> 71.25 | M13: =IF(COUNTIF(E13:H13,"A")>0,"A",IF(MIN(E13:H13)>=7,"PASS","FAIL")) -> PASS
A14: 8 | B14: 0133CI231209 | C14: RAHUL KUMAR | D14: 63.414634 | E14: 14 | F14: 2 | G14: 2 | H14: 5 | K14: =SUM(E14:H14) -> 23 | L14: =K14/80*100 -> 28.75 | M14: =IF(COUNTIF(E14:H14,"A")>0,"A",IF(MIN(E14:H14)>=7,"PASS","FAIL")) -> FAIL
A15: 9 | B15: 0133CI231211 | C15: RAJ TIWARI | D15: 61.788618 | E15: 13 | F15: 11 | G15: 18 | H15: 13 | K15: =SUM(E15:H15) -> 55 | L15: =K15/80*100 -> 68.75 | M15: =IF(COUNTIF(E15:H15,"A")>0,"A",IF(MIN(E15:H15)>=7,"PASS","FAIL")) -> PASS
A16: 10 | B16: 0133CI231212 | C16: RAJA YADAV | D16: 64.516129 | E16: 11 | F16: 11 | G16: 10 | H16: 14 | K16: =SUM(E16:H16) -> 46 | L16: =K16/80*100 -> 57.5 | M16: =IF(COUNTIF(E16:H16,"A")>0,"A",IF(MIN(E16:H16)>=7,"PASS","FAIL")) -> PASS
A17: 11 | B17: 0133CI231216 | C17: RAUSHNI KUMARI | D17: 72.357724 | E17: 15 | F17: 14 | G17: 19 | H17: 14 | K17: =SUM(E17:H17) -> 62 | L17: =K17/80*100 -> 77.5 | M17: =IF(COUNTIF(E17:H17,"A")>0,"A",IF(MIN(E17:H17)>=7,"PASS","FAIL")) -> PASS
A18: 12 | B18: 0133CI231217 | C18: RAVI RAJ KUMAR YADAV | D18: 62.096774 | E18: 13 | F18: 13 | G18: 12 | H18: 12 | K18: =SUM(E18:H18) -> 50 | L18: =K18/80*100 -> 62.5 | M18: =IF(COUNTIF(E18:H18,"A")>0,"A",IF(MIN(E18:H18)>=7,"PASS","FAIL")) -> PASS
... A24: 18 | B24: 0133CI231236 | C24: SALINI DHOKE | D24: 69.918699 | E24: 14 | F24: 18 | G24: 12 | H24: 5 | K24: =SUM(E24:H24) -> 49 | L24: =K24/80*100 -> 61.25 | M24: =IF(COUNTIF(E24:H24,"A")>0,"A",IF(MIN(E24:H24)>=7,"PASS","FAIL")) -> FAIL
A25: 19 | B25: 0133CI231240 | C25: SANDEEP KUMAR MAHTO | D25: 64.227642 | E25: 13 | F25: 10 | G25: 16 | K25: =SUM(E25:H25) -> 39 | L25: =K25/80*100 -> 48.75 | M25: =IF(COUNTIF(E25:H25,"A")>0,"A",IF(MIN(E25:H25)>=7,"PASS","FAIL")) -> PASS
C27: Total Students | E27: =COUNTA(E7:E25) -> 19 | F27: =COUNTA(F7:F25) -> 19 | G27: =COUNTA(G7:G25) -> 19 | H27: =COUNTA(H7:H25) -> 18 | I27: =COUNTA(I7:I25) -> 0 | J27: =COUNTA(K7:K25) -> 19
C28: Total absent | E28: =COUNTIF(E7:E25,"A") -> 0 | F28: =COUNTIF(F7:F25,"A") -> 0 | G28: =COUNTIF(G7:G25,"A") -> 0 | H28: =COUNTIF(H7:H25,"A") -> 0 | I28: =COUNTIF(I7:I25,"A") -> 0 | J28: =COUNTIF(M7:M25,"A") -> 0
C29: Total Present in Exam | E29: =E27-E28 -> 19 | F29: =F27-F28 -> 19 | G29: =G27-G28 -> 19 | H29: =H27-H28 -> 18 | I29: =I27-I28 -> 0 | J29: =J27-J28 -> 19
C30: Total Student Passed | E30: =COUNTIF(E7:E26, ">=7") -> 19 | F30: =COUNTIF(F7:F26, ">=7") -> 16 | G30: =COUNTIF(G7:G26, ">=7") -> 17 | H30: =COUNTIF(H7:H26, ">=7") -> 15 | I30: =COUNTIF(I7:I26, ">=7") -> 0 | J30: =COUNTIF(M7:M25, "PASS") -> 15
C31: Percentage | E31: =E30/E29 -> 1 | F31: =F30/F29 -> 0.84210526 | G31: =G30/G29 -> 0.89473684 | H31: =H30/H29 -> 0.83333333 | I31: =I30/I29 -> #DIV/0! | J31: =J30/J29 -> 0.78947368

Sheet 6th E
A1: SAGAR INSTITUTE OF RESEARCH & TECHNOLOGY
A2: DEPARTMENT OF CSIT
A3: I MID SEM EXAMINATION (JAN-JUN 2026)
A4: CSIT 6th Sem - CSIT-E
A5: S.NO | B5: Board EnrollNo | C5: Student Name | D5: Total Per | E5: 46118 | F5: 46118 | G5: 46119 | H5: 46119 | I5: 46120 | J5: 46120 | K5: Total | L5: % Percentage | M5: Pass/Fail
E6: CSIT-601 SE | F6: CSIT-602 ML | G6: CSIT-603(B) CGM | H6: CSIT-604(B) CRYPTOGRAPHY | I6: CSIT-608 (MAJOR PROJECT) | J6: T & P exam
A7: 1 | B7: 0133CI231245 | C7: SANKET KUMAR SINGH | D7: 66.141732 | E7: 19 | F7: 16 | G7: 18 | H7: 20 | K7: =SUM(E7:H7) -> 73 | L7: =K7/80*100 -> 91.25 | M7: =IF(COUNTIF(E7:H7,"A")>0,"A",IF(MIN(E7:H7)>=7,"PASS","FAIL")) -> PASS
A8: 2 | B8: 0133CI231251 | C8: SATYAM YADAV | D8: 71.604938 | E8: 19 | F8: 15 | G8: 11 | H8: 17 | K8: =SUM(E8:H8) -> 62 | L8: =K8/80*100 -> 77.5 | M8: =IF(COUNTIF(E8:H8,"A")>0,"A",IF(MIN(E8:H8)>=7,"PASS","FAIL")) -> PASS
A9: 3 | B9: 0133CI231253 | C9: SAURAV PAL | D9: 61.392405 | E9: 18 | F9: 17 | G9: 15 | H9: 20 | K9: =SUM(E9:H9) -> 70 | L9: =K9/80*100 -> 87.5 | M9: =IF(COUNTIF(E9:H9,"A")>0,"A",IF(MIN(E9:H9)>=7,"PASS","FAIL")) -> PASS
A10: 4 | B10: 0133CI231256 | C10: SHAMBI GUPTA | D10: 62.962963 | E10: 12 | F10: 18 | G10: 11 | H10: 17 | K10: =SUM(E10:H10) -> 58 | L10: =K10/80*100 -> 72.5 | M10: =IF(COUNTIF(E10:H10,"A")>0,"A",IF(MIN(E10:H10)>=7,"PASS","FAIL")) -> PASS
A11: 5 | B11: 0133CI231257 | C11: SHANU RAJPUT | D11: 66.666667 | E11: 14 | F11: 17 | G11: 12 | H11: 20 | K11: =SUM(E11:H11) -> 63 | L11: =K11/80*100 -> 78.75 | M11: =IF(COUNTIF(E11:H11,"A")>0,"A",IF(MIN(E11:H11)>=7,"PASS","FAIL")) -> PASS
A12: 6 | B12: 0133CI231258 | C12: SHASWAT BHATNAGAR | D12: 78.395062 | E12: 16 | F12: 16 | G12: 12 | H12: 16 | K12: =SUM(E12:H12) -> 60 | L12: =K12/80*100 -> 75 | M12: =IF(COUNTIF(E12:H12,"A")>0,"A",IF(MIN(E12:H12)>=7,"PASS","FAIL")) -> PASS
A13: 7 | B13: 0133CI231265 | C13: SHIVANSHU KUMAR TIWARI | E13: 18 | F13: 15 | G13: 18 | H13: 18 | K13: =SUM(E13:H13) -> 69 | L13: =K13/80*100 -> 86.25 | M13: =IF(COUNTIF(E13:H13,"A")>0,"A",IF(MIN(E13:H13)>=7,"PASS","FAIL")) -> PASS
A14: 8 | B14: 0133CI231266 | C14: SHIVANSHU TIWARI | D14: 72.78481 | E14: 19 | F14: 16 | G14: 19 | H14: 11 | K14: =SUM(E14:H14) -> 65 | L14: =K14/80*100 -> 81.25 | M14: =IF(COUNTIF(E14:H14,"A")>0,"A",IF(MIN(E14:H14)>=7,"PASS","FAIL")) -> PASS
A15: 9 | B15: 0133CI231268 | C15: SHRADDHA RAWAT | D15: 89.506173 | E15: 20 | F15: 18 | G15: 20 | H15: 15 | K15: =SUM(E15:H15) -> 73 | L15: =K15/80*100 -> 91.25 | M15: =IF(COUNTIF(E15:H15,"A")>0,"A",IF(MIN(E15:H15)>=7,"PASS","FAIL")) -> PASS
A16: 10 | B16: 0133CI231270 | C16: SHREYA KUMARI | D16: 69.135802 | E16: 18 | F16: 20 | G16: 20 | H16: 11 | K16: =SUM(E16:H16) -> 69 | L16: =K16/80*100 -> 86.25 | M16: =IF(COUNTIF(E16:H16,"A")>0,"A",IF(MIN(E16:H16)>=7,"PASS","FAIL")) -> PASS
A17: 11 | B17: 0133CI231272 | C17: SIDDHANTH RICHHARIYA | D17: 74.691358 | E17: 9 | F17: 17 | G17: 10 | H17: 12 | K17: =SUM(E17:H17) -> 48 | L17: =K17/80*100 -> 60 | M17: =IF(COUNTIF(E17:H17,"A")>0,"A",IF(MIN(E17:H17)>=7,"PASS","FAIL")) -> PASS
A18: 12 | B18: 0133CI231275 | C18: SONAM YADAV | D18: 64.814815 | E18: 15 | F18: 8 | G18: 16 | H18: 12 | K18: =SUM(E18:H18) -> 51 | L18: =K18/80*100 -> 63.75 | M18: =IF(COUNTIF(E18:H18,"A")>0,"A",IF(MIN(E18:H18)>=7,"PASS","FAIL")) -> PASS
A19: 13 | B19: 0133CI231277 | C19: SOURAV TIWARI | D19: 62.962963 | E19: 20 | F19: 19 | G19: 19 | H19: 19 | K19: =SUM(E19:H19) -> 77 | L19: =K19/80*100 -> 96.25 | M19: =IF(COUNTIF(E19:H19,"A")>0,"A",IF(MIN(E19:H19)>=7,"PASS","FAIL")) -> PASS
A20: 14 | B20: 0133CI231280 | C20: SUMIT DANGI | D20: 64.197531 | E20: 19 | F20: 19 | G20: 16 | H20: 20 | K20: =SUM(E20:H20) -> 74 | L20: =K20/80*100 -> 92.5 | M20: =IF(COUNTIF(E20:H20,"A")>0,"A",IF(MIN(E20:H20)>=7,"PASS","FAIL")) -> PASS
A21: 15 | B21: 0133CI231281 | C21: SUNNY RANJAN | D21: 64.197531 | E21: 15 | F21: 15 | G21: 16 | H21: 20 | K21: =SUM(E21:H21) -> 66 | L21: =K21/80*100 -> 82.5 | M21: =IF(COUNTIF(E21:H21,"A")>0,"A",IF(MIN(E21:H21)>=7,"PASS","FAIL")) -> PASS
A22: 16 | B22: 0133CI231284 | C22: TARUN PANCHESHWAR | D22: 61.111111 | E22: 9 | F22: 12 | G22: 10 | H22: 10 | K22: =SUM(E22:H22) -> 41 | L22: =K22/80*100 -> 51.25 | M22: =IF(COUNTIF(E22:H22,"A")>0,"A",IF(MIN(E22:H22)>=7,"PASS","FAIL")) -> PASS
A23: 17 | B23: 0133CI231286 | C23: TEJASVI GAIKWAD | D23: 66.049383 | E23: 14 | F23: 16 | G23: 16 | H23: 16 | K23: =SUM(E23:H23) -> 62 | L23: =K23/80*100 -> 77.5 | M23: =IF(COUNTIF(E23:H23,"A")>0,"A",IF(MIN(E23:H23)>=7,"PASS","FAIL")) -> PASS
A24: 18 | B24: 0133CI231287 | C24: TRISHA SINGH | D24: 69.135802 | E24: 20 | F24: 19 | G24: 20 | H24: 19 | K24: =SUM(E24:H24) -> 78 | L24: =K24/80*100 -> 97.5 | M24: =IF(COUNTIF(E24:H24,"A")>0,"A",IF(MIN(E24:H24)>=7,"PASS","FAIL")) -> PASS
A25: 19 | B25: 0133CI231298 | C25: VRIHASPATI CHAUBEY | D25: 59.876543 | E25: 10 | F25: 16 | G25: 12 | H25: 16 | K25: =SUM(E25:H25) -> 54 | L25: =K25/80*100 -> 67.5 | M25: =IF(COUNTIF(E25:H25,"A")>0,"A",IF(MIN(E25:H25)>=7,"PASS","FAIL")) -> PASS
... A29: 23 | B29: 0133CL231071 | C29: KAVERI KUMARI | D29: 60.629921 | E29: 15 | F29: 11 | G29: 14 | H29: 20 | K29: =SUM(E29:H29) -> 60 | L29: =K29/80*100 -> 75 | M29: =IF(COUNTIF(E29:H29,"A")>0,"A",IF(MIN(E29:H29)>=7,"PASS","FAIL")) -> PASS
H30: 12
H31: 8 | J31: Over all Result
C32: Total Students | E32: =COUNTA(E7:E29) -> 23 | F32: =COUNTA(F7:F29) -> 23 | G32: =COUNTA(G7:G29) -> 23 | H32: 19 | I32: =COUNTA(I7:I29) -> 0 | J32: =COUNTA(K7:K29) -> 23
C33: Total absent | E33: =COUNTIF(E7:E29,"A") -> 0 | F33: =COUNTIF(F7:F29,"A") -> 0 | G33: =COUNTIF(G7:G29,"A") -> 0 | H33: 18 | I33: =COUNTIF(I7:I29,"A") -> 0 | J33: =COUNTIF(M7:M29,"A") -> 0
C34: Total Present in Exam | E34: =E32-E33 -> 23 | F34: =F32-F33 -> 23 | G34: =G32-G33 -> 23 | H34: 14 | I34: =I32-I33 -> 0 | J34: =J32-J33 -> 23
C35: Total Student Passed | E35: =COUNTIF(E7:E29, ">=7") -> 23 | F35: =COUNTIF(F7:F29, ">=7") -> 23 | G35: =COUNTIF(G7:G29, ">=7") -> 23 | H35: =COUNTIF(H7:H29, ">=7") -> 23 | I35: =COUNTIF(I7:I29, ">=22") -> 0 | J35: =COUNTIF(M7:M29,"Pass") -> 23
C36: Percentage | E36: =E35/E34 -> 1 | F36: =F35/F34 -> 1 | G36: =G35/G34 -> 1 | H36: =H35/H34 -> 1.6428571 | I36: =I35/I34 -> #DIV/0! | J36: =J35/J34 -> 1

Sheet Sheet1
A1: Sagar Group of Institutions, Bhopal
A2: (SIRT/SIRTS/SIRTE/SIRT-P/SIRT-SP)
A3: II MID SEM Result Analysis Report Jul-Dec 2025
A4: BRANCH:-CSIT | G4: SEMESTER:-3rd Sem (JUL-DEC 2025)
B5: ="OVER ALL RESULT:-"& TEXT(ABS(D8),"0.00%") -> OVER ALL RESULT:-94.59%
A7: Students | B7: Students Appeared | C7: Students Passed | D7: Result % | G7: Students | H7: Students Appeared | I7: Students Passed | J7: Result %
A8: Regular | B8: ='6th A'!J23+'6th B'!J46+'6th C'!J34+'6th D'!J29+'6th E'!J34 -> 111 | C8: ='6th A'!J24+'6th B'!J47+'6th C'!J35+'6th D'!J30+'6th E'!J35 -> 105 | D8: =C8/B8 -> 0.94594595 | G8: Diploma | H8: 11 | I8: 1 | J8: =I8/H8 -> 0.090909091
A9: Total | B9: =B8 -> 111 | C9: =C8 -> 105 | D9: =D8 -> 0.94594595 | G9: Total | H9: =H8 -> 11 | I9: 1 | J9: =I9/H9 -> 0.090909091
A11: SUBJECT-wise Result Analysis
A12: CSIT 301 (EEES) | G12: CSIT 302 (DISCRETE STRUCTURE)
A13: Section | B13: Students Appeared | C13: Students Passed | D13: Result % | E13: Faculty | G13: Section | H13: Students Appeared | I13: Students Passed | J13: Result % | K13: Faculty
A14: A | B14: ='6th A'!E23 -> 12 | C14: ='6th A'!E24 -> 12 | D14: =C14/B14 -> 1 | E14: Prof. Tanya Malviya | G14: A | H14: ='6th A'!F23 -> 12 | I14: ='6th A'!F24 -> 12 | J14: =I14/H14 -> 1 | K14: Prof. Swati Jain
A15: B | B15: ='6th B'!E46 -> 35 | C15: ='6th B'!E47 -> 35 | D15: =C15/B15 -> 1 | E15: Prof. Shilpa Dikhit | G15: B | H15: ='6th B'!F46 -> 35 | I15: ='6th B'!F47 -> 35 | J15: =I15/H15 -> 1 | K15: Prof. Harsha Tavse
A16: C | B16: ='6th C'!E34 -> 23 | C16: ='6th C'!E35 -> 23 | D16: =C16/B16 -> 1 | E16: Prof. Shilpa Dikhit | G16: C | H16: ='6th C'!F34 -> 23 | I16: ='6th C'!F35 -> 23 | J16: =I16/H16 -> 1 | K16: Prof. Harsha Tavse
A17: D | B17: ='6th D'!E29 -> 19 | C17: ='6th D'!E30 -> 19 | D17: =C17/B17 -> 1 | E17: Prof. Shilpa Dikhit | G17: D | H17: ='6th D'!F29 -> 19 | I17: ='6th D'!F30 -> 16 | J17: =I17/H17 -> 0.84210526 | K17: Prof. Swati Jain
A18: E | B18: ='6th E'!E34 -> 23 | C18: ='6th E'!E35 -> 23 | D18: =C18/B18 -> 1 | E18: Prof. Shilpa Dikhit | G18: E | H18: ='6th E'!F34 -> 23 | I18: ='6th E'!F35 -> 23 | J18: =I18/H18 -> 1 | K18: Prof. Swati Jain
A19: Regular | B19: =SUM(B14:B18) -> 112 | C19: =SUM(C14:C18) -> 112 | D19: =C19/B19 -> 1 | G19: Regular | H19: =SUM(H14:H18) -> 112 | I19: =SUM(I14:I18) -> 109 | J19: =I19/H19 -> 0.97321429
A20: Total | B20: =B19 -> 112 | C20: =C19 -> 112 | D20: =C20/B20 -> 1 | G20: Total | H20: =H19 -> 112 | I20: =I19 -> 109 | J20: =I20/H20 -> 0.97321429
A22: CSIT 303 (DS) | G22: CSIT 304 (DCS)
A23: Section | B23: Students Appeared | C23: Students Passed | D23: Result % | E23: Faculty | G23: Section | H23: Students Appeared | I23: Students Passed | J23: Result % | K23: Faculty
A24: A | B24: ='6th A'!G23 -> 12 | C24: ='6th A'!G24 -> 12 | D24: =C24/B24 -> 1 | E24: Prof. Jayram Dwivedi | G24: A | H24: ='6th A'!H23 -> 12 | I24: ='6th A'!H24 -> 12 | J24: =I24/H24 -> 1 | K24: Prof. Priya Sharma
A25: B | B25: ='6th B'!G46 -> 34 | C25: ='6th B'!G47 -> 32 | D25: =C25/B25 -> 0.94117647 | E25: Prof. Suraj Singh Tomar | G25: B | H25: ='6th B'!H46 -> 34 | I25: ='6th B'!H47 -> 34 | J25: =I25/H25 -> 1 | K25: Prof. Priya Sharma
A26: C | B26: ='6th C'!G34 -> 23 | C26: ='6th C'!G35 -> 23 | D26: =C26/B26 -> 1 | E26: Prof. Rajeev Saxena | G26: C | H26: ='6th C'!H34 -> 23 | I26: ='6th C'!H35 -> 23 | J26: =I26/H26 -> 1 | K26: Prof. Pankaj Dubey
A27: D | B27: ='6th D'!G29 -> 19 | C27: ='6th D'!G30 -> 17 | D27: =C27/B27 -> 0.89473684 | E27: Prof. Rajeev Saxena | G27: D | H27: ='6th D'!H29 -> 18 | I27: ='6th D'!H30 -> 15 | J27: =I27/H27 -> 0.83333333 | K27: Prof. Swati Rajpoot
A28: E | B28: ='6th E'!G34 -> 23 | C28: ='6th E'!G35 -> 23 | D28: =C28/B28 -> 1 | E28: Prof. Jayram Dwivedi | G28: E | H28: ='6th E'!H34 -> 14 | I28: ='6th E'!H35 -> 23 | J28: =I28/H28 -> 1.6428571 | K28: Prof. Swati Rajpoot
A29: Regular | B29: =SUM(B24:B28) -> 111 | C29: =SUM(C24:C28) -> 107 | D29: =C29/B29 -> 0.96396396 | G29: Regular | H29: =SUM(H24:H28) -> 101 | I29: =SUM(I24:I28) -> 107 | J29: =I29/H29 -> 1.0594059
A30: Total | B30: =B29 -> 111 | C30: =C29 -> 107 | D30: =C30/B30 -> 0.96396396 | G30: Total | H30: =H29 -> 101 | I30: =I29 -> 107 | J30: =I30/H30 -> 1.0594059
A32: CSIT305 (OOPM)
A33: Section | B33: Students Appeared | C33: Students Passed | D33: Result % | E33: Faculty
A34: A | B34: ='6th A'!#REF! -> #REF! | C34: ='6th A'!#REF! -> #REF! | D34: =C34/B34 -> #REF! | E34: Dr. Aumreesh Ku. Saxena
A35: B | B35: ='6th B'!I46 -> 0 | C35: ='6th B'!I47 -> 0 | D35: =C35/B35 -> #DIV/0! | E35: Dr. Aumreesh Ku. Saxena
A36: C | B36: ='6th C'!I34 -> 0 | C36: ='6th C'!I35 -> 0 | D36: =C36/B36 -> #DIV/0! | E36: Prof. Vivek Rawat
A37: D | B37: ='6th D'!I29 -> 0 | C37: ='6th D'!I30 -> 0 | D37: =C37/B37 -> #DIV/0! | E37: Prof. Abhishek Singh
A38: E | B38: ='6th E'!I34 -> 0 | C38: ='6th E'!I35 -> 0 | D38: =C38/B38 -> #DIV/0! | E38: Prof. Vivek Rawat
A39: Regular | B39: =SUM(B34:B38) -> #REF! | C39: =SUM(C34:C38) -> #REF! | D39: =C39/B39 -> #REF!
A40: Total | B40: =B39 -> #REF! | C40: =C39 -> #REF! | D40: =C40/B40 -> #REF!
H41: HOD CSIT SIRT Bhopal

Sheet Main Seating
A1: Sagar Institute of Research and Technology, Bhopal
A2: Department of CSIT
A3: I-Mid Sem Exam 6th Sem Jan-Jun 2026
A5: S. No. | B5: BRACH | C5: SECTION | D5: Section | E5: Roll Number | F5: No. of students Appeared | G5: Class Room
A6: 1 | B6: CSIT | D6: A | E6: 0133CI231002,08,14,24,35,36,40,48,50,55, 59, 0133CI243D15 | F6: 12 | G6: F-307
A7: 2 | B7: CSIT | D7: B | E7: 0133CI231062,063,068,069,073,074,075,076, 078,080,081,082,084,085,086,088,089,090 | F7: 18
B8: CSIT | D8: C | E8: 0133CI231122,128,131,133,134,143,147, 153,155,156,158,160,161,166,170,171, 178,179,182,294,295,297,0133CI243D10 | F8: 23 | G8: F-308
A9: 4 | B9: CSIT | D9: B | E9: 0133CI231113,116,118,119,121, 0133CI243D03 | F9: 6
B10: CSIT | D10: B | E10: 0133CI231091,092,096,097,100,101,104, 105,109,110,112 | F10: 11 | G10: F-309
A11: 5 | B11: CSIT | D11: D | E11: 0133CI231183,186,190,197,198,205,207,209, 211,212,216,217,227,229,230,233,234,236, 240 | F11: 19
A12: 6 | B12: CSIT | D12: E | E12: 0133CI231245,251,253,256,257,258,265 266,268,270,272,275,277,280,281,284,286, 287,298,301,303,304,0133CL231071 | F12: 23 | G12: F-310
E13: Total No. of students of CSIT | F13: 112

Sheet exam duty chart
A1: SAGAR INSTITUTE OF RESEARCH & TECHNOLOGY
A2: DEPARTMENT OF COMPUTER SCIENCE & INFORMATION TECHNOLOGY
A3: MID SEM-1 JAN-JUNE-2026
A4: Exam Duty Chart
A6: DATE | B6: Time | C6: ROOM NO. F-307 | D6: ROOM NO. F-308 | E6: ROOM NO. F-309 | F6: ROOM NO. F-310
A8: 46118 | B8: 9:00 A.M-11:00 A.M | C8: Prof. Poonam Choubey | D8: Prof. Richa Singh | E8: Prof. Akshay Sagar | F8: Diksha Pawar
A9: 46118 | B9: 1:00 PM - 03:00 PM | C9: Prof. Rabiya Hanfi | D9: Prof. Rahul Raghuwanshi | E9: Prof. Suraj Singh Tomar | F9: Prof. Abhishek Chauhan
A10: 46119 | B10: 9:00 A.M-11:00 A.M | C10: Prof. Suraj Singh Tomar | D10: Prof. Abhishek Chauhan | E10: Prof. Richa Singh | F10: Diksha Pawar
A11: 46119 | B11: 1:00 PM - 03:00 PM | C11: Prof. Rahul Raghuwanshi | D11: Prof. Poonam Choubey | E11: Prof. Rabiya Hanfi | F11: Neetesh Gaur
A12: 46120 | B12: 9:00 A.M-11:00 A.M | C12: Prof. Poonam Choubey | D12: Prof. Richa Singh | E12: Prof. Rahul Raghuwanshi | F12: Prof. Suraj Singh Tomar
A13: 46120 | B13: 1:00 PM - 03:00 PM
A15: Faculty Name | B15: Duty Count | D15: Faculty Name | E15: Duty Count
A16: Prof. Poonam Choubey | B16: 3 | D16: Prof. Abhishek Chauhan | E16: 2
A17: Prof. Suraj Singh Tomar | B17: 3 | D17: Neetesh Gaur | E17: 1
A18: Prof. Richa Singh | B18: 3 | D18: Prof. Rabiya Hanfi | E18: 2
A19: Prof. Rahul Raghuwanshi | B19: 3 | D19: Diksha Pawar | E19: 2
D20: Prof. Akshay Sagar | E20: 1
A22: 1.Kindly report at least 15 minutes prior examination .
A23: 2. If any faculty member is either absent or unable to perform invigilation duty, he/she should arrange substitute accordingly.
A24: 3. Answer sheets to be submitted should be in order and properly counted.
A25: 4. No Short leave allowed in First Half.

Sheet OVER ALL RESULT
A1: Sagar Group of Institutions, Bhopal
A2: (SIRT/SIRTS/SIRTE/SIRT-P/SIRT-SP)
A3: I MID SEM Result Analysis Report JAN-JUN 2026
A4: BRANCH:-CSIT | G4: SEMESTER:- 6th Sem (JAN-JUN 2026)
B5: ="OVER ALL RESULT:- " & TEXT(D9,"0.00%") -> OVER ALL RESULT:- 94.44%
A7: Students | B7: Students Appeared | C7: Students Passed | D7: Result % | G7: Students | H7: Students Appeared | I7: Students Passed | J7: Result %
A8: Regular | B8: ='6th A'!J23+'6th B'!J46+'6th C'!J34+'6th D'!J29+'6th E'!J34-H8 -> 108 | C8: ='6th A'!J24+'6th B'!J47+'6th C'!J35+'6th D'!J30+'6th E'!J35-I8 -> 102 | D8: =C8/B8 -> 0.94444444 | G8: Diploma | H8: 3 | I8: 3 | J8: =I8/H8 -> 1
A9: Total | B9: =SUM(B8) -> 108 | C9: =SUM(C8) -> 102 | D9: =C9/B9 -> 0.94444444 | G9: Total | H9: =SUM(H8) -> 3 | I9: 3 | J9: =I9/H9 -> 1
A11: SUBJECT-wise Result Analysis
A12: CSIT-601 SE | G12: CSIT-602 ML
A13: Section | B13: Students Appeared | C13: Students Passed | D13: Result % | E13: Faculty | G13: Section | H13: Students Appeared | I13: Students Passed | J13: Result % | K13: Faculty
A14: A | B14: ='6th A'!E23 -> 12 | C14: ='6th A'!E24 -> 12 | D14: =C14/B14 -> 1 | E14: Prof. Vivek Rawat | G14: A | H14: ='6th A'!F23 -> 12 | I14: ='6th A'!F24 -> 12 | J14: =I14/H14 -> 1 | K14: Prof. Jayram Dwivedi
A15: B | B15: ='6th B'!E46 -> 35 | C15: ='6th B'!E47 -> 35 | D15: =C15/B15 -> 1 | E15: Prof. Poonam Choubey | G15: B | H15: ='6th B'!F46 -> 35 | I15: ='6th B'!F47 -> 35 | J15: =I15/H15 -> 1 | K15: Prof. Richa Singh
A16: C | B16: ='6th C'!E$34 -> 23 | C16: ='6th C'!E$35 -> 23 | D16: =C16/B16 -> 1 | E16: Prof. Poonam Choubey | G16: C | H16: ='6th C'!$F$34 -> 23 | I16: ='6th C'!$F$35 -> 23 | J16: =I16/H16 -> 1 | K16: Prof. Richa Singh
A17: D | B17: ='6th D'!E$29 -> 19 | C17: ='6th D'!E$30 -> 19 | D17: =C17/B17 -> 1 | E17: Prof. Rabiya Hanfi | G17: D | H17: ='6th D'!$F$29 -> 19 | I17: ='6th D'!$F$30 -> 16 | J17: =I17/H17 -> 0.84210526 | K17: Prof. Rahul Raghuwanshi
A18: E | B18: ='6th E'!E$34 -> 23 | C18: ='6th E'!E$35 -> 23 | D18: =C18/B18 -> 1 | E18: Prof. Vivek Rawat | G18: E | H18: ='6th E'!$F$34 -> 23 | I18: ='6th E'!$F$35 -> 23 | J18: =I18/H18 -> 1 | K18: Prof. Rahul Raghuwanshi
A19: Regular | B19: ='6th A'!E23+'6th B'!E46+'6th C'!E34+'6th D'!E29+'6th E'!E34 -> 112 | C19: ='6th A'!E24+'6th B'!E47+'6th C'!E35+'6th D'!E30+'6th E'!E35 -> 112 | D19: =C19/B19 -> 1 | G19: Regular | H19: ='6th A'!F23+'6th B'!F46+'6th C'!F34+'6th D'!F29+'6th E'!F34 -> 112 | I19: ='6th A'!F24+'6th B'!F47+'6th C'!F35+'6th D'!F30+'6th E'!F35 -> 109 | J19: =I19/H19 -> 0.97321429
A20: Total | B20: =B19 -> 112 | C20: =C19 -> 112 | D20: =C20/B20 -> 1 | G20: Total | H20: =H19 -> 112 | I20: =I19 -> 109 | J20: =I20/H20 -> 0.97321429
A22: CSIT-603(B) CGM | G22: CSIT-604(B) CRYPTOGRAPHY
A23: Section | B23: Students Appeared | C23: Students Passed | D23: Result % | E23: Faculty | G23: Section | H23: Students Appeared | I23: Students Passed | J23: Result % | K23: Faculty
A24: A | B24: ='6th A'!G23 -> 12 | C24: ='6th A'!G24 -> 12 | D24: =C24/B24 -> 1 | E24: Prof. Rabiya Hanfi | G24: A | H24: ='6th A'!H23 -> 12 | I24: ='6th A'!H24 -> 12 | J24: =I24/H24 -> 1 | K24: Prof. Abhishek Chauhan
A25: B | B25: ='6th B'!G46 -> 34 | C25: ='6th B'!G47 -> 32 | D25: =C25/B25 -> 0.94117647 | E25: Dr. Sachin Murarka | G25: B | H25: ='6th B'!H46 -> 34 | I25: ='6th B'!H47 -> 34 | J25: =I25/H25 -> 1 | K25: Prof. Suraj Singh Tomar
A26: C | B26: ='6th C'!$G$34 -> 23 | C26: ='6th C'!$G$35 -> 23 | D26: =C26/B26 -> 1 | E26: Prof. Rabiya Hanfi | G26: C | H26: ='6th C'!$H$34 -> 23 | I26: ='6th C'!$H$35 -> 23 | J26: =I26/H26 -> 1 | K26: Prof. Suraj Singh Tomar
A27: D | B27: ='6th D'!$G$29 -> 19 | C27: ='6th D'!$G$30 -> 17 | D27: =C27/B27 -> 0.89473684 | E27: Dr. Sachin Murarka | G27: D | H27: ='6th D'!$H$29 -> 18 | I27: ='6th D'!$H$30 -> 15 | J27: =I27/H27 -> 0.83333333 | K27: Prof. Suraj Singh Tomar
A28: E | B28: ='6th E'!$G$34 -> 23 | C28: ='6th E'!$G$35 -> 23 | D28: =C28/B28 -> 1 | E28: Prof. Poonam Choubey | G28: E | H28: ='6th E'!$H$34 -> 14 | I28: ='6th E'!$H$35 -> 23 | J28: =I28/H28 -> 1.6428571 | K28: Prof. Abhishek Chauhan
A29: Regular | B29: ='6th A'!G23+'6th B'!G46+'6th C'!G34+'6th D'!G29+'6th E'!G34 -> 111 | C29: ='6th A'!G24+'6th B'!G47+'6th C'!G35+'6th D'!G30+'6th E'!G35 -> 107 | D29: =C29/B29 -> 0.96396396 | G29: Regular | H29: ='6th A'!H23+'6th B'!H46+'6th C'!H34+'6th D'!H29+'6th E'!H34 -> 101 | I29: ='6th A'!H24+'6th B'!H47+'6th C'!H35+'6th D'!H30+'6th E'!H35 -> 107 | J29: =I29/H29 -> 1.0594059
A30: Total | B30: =B29 -> 111 | C30: =C29 -> 107 | D30: =C30/B30 -> 0.96396396 | G30: Total | H30: =H29 -> 101 | I30: =I29 -> 107 | J30: =I30/H30 -> 1.0594059
H32: HOD CSIT SIRT Bhopal
